domain,items,author_rate,date_rate,resolved_rate,ticker_rate,distinct_authors,passes,error
41investments.substack.com,20,0.75,1.0,0.0,0.25,0,False,
9to5mac.com,100,1.0,1.0,1.0,0.0,13,False,
abundanceandgrowth.org,20,1.0,1.0,1.0,0.25,6,True,
adamtaggart.substack.com,20,1.0,1.0,0.0,0.05,0,False,
aeon.co,20,1.0,1.0,0.55,0.0,11,False,
allisonschrager.substack.com,20,1.0,1.0,0.0,0.0,0,False,
alluvial.substack.com,20,1.0,1.0,1.0,0.0,1,False,
alpha-sense.com,98,0.0,1.0,0.0,0.0,0,False,
alphaarchitect.com,5,1.0,1.0,1.0,0.0,2,False,
alphainacademia.com,20,0.95,1.0,0.0,0.1,0,False,
apricitas.io,20,1.0,1.0,1.0,0.05,1,False,
artofmanliness.com,10,1.0,1.0,1.0,0.0,4,False,
asiancenturystocks.com,15,1.0,1.0,1.0,0.133,1,False,
asiandividendstocks.substack.com,20,1.0,1.0,1.0,0.05,1,False,
asianometry.com,20,1.0,1.0,1.0,0.0,1,False,
asianometry.substack.com,20,1.0,1.0,1.0,0.0,1,False,
asymco.com,10,1.0,1.0,0.4,0.0,1,False,
awealthofcommonsense.com,10,1.0,1.0,1.0,0.0,1,False,
basehitinvesting.substack.com,20,1.0,1.0,1.0,0.4,1,True,
becomingnoble.substack.com,20,1.0,1.0,1.0,0.0,2,False,
behaviouralinvestment.com,10,1.0,1.0,1.0,0.0,1,False,
behindthebalancesheet.substack.com,20,0.95,1.0,0.95,0.0,1,False,
benzinga.com,10,1.0,1.0,0.8,0.5,4,True,
bestanchorstocks.substack.com,20,1.0,1.0,0.0,0.25,0,False,
bestinterest.blog,10,1.0,1.0,1.0,0.0,1,False,
bigtechnology.com,20,1.0,1.0,1.0,0.0,2,False,
blairbellecurve.com,20,1.0,1.0,1.0,0.05,1,False,
blockworks.co,50,1.0,1.0,0.8,0.0,8,False,
bonddad.blogspot.com,25,1.0,1.0,1.0,0.0,1,False,
calculatedrisk.substack.com,20,1.0,1.0,0.0,0.3,0,False,
capitalspectator.com,10,1.0,1.0,1.0,0.6,1,True,
chicago.suntimes.com,55,1.0,1.0,0.982,0.036,33,False,
chinatalk.media,20,1.0,1.0,1.0,0.15,7,True,
citriniresearch.com,20,1.0,1.0,0.05,0.25,1,False,
cleantechnica.com,45,1.0,1.0,1.0,0.022,12,False,
cloudedjudgement.substack.com,20,1.0,1.0,1.0,0.0,1,False,
coldeye.earth,20,1.0,1.0,1.0,0.25,1,True,
compoundandfire.substack.com,20,1.0,1.0,1.0,0.45,1,True,
compoundingquality.net,20,0.95,1.0,0.1,0.3,1,False,
construction-physics.com,20,1.0,1.0,1.0,0.1,1,False,
constructionphysics.substack.com,20,1.0,1.0,1.0,0.1,1,False,
covestreetcapital.com,10,1.0,1.0,0.9,0.0,1,False,
crr.bc.edu,12,1.0,1.0,1.0,0.333,5,True,
danieldrezner.substack.com,20,1.0,1.0,1.0,0.0,1,False,
dannykatch.substack.com,20,1.0,1.0,0.0,0.0,0,False,
deepquarry.substack.com,20,1.0,1.0,1.0,0.2,1,True,
derekthompson.org,20,1.0,1.0,0.05,0.0,1,False,
digitalnative.substack.com,20,1.0,1.0,1.0,0.25,1,True,
direports.substack.com,20,0.6,1.0,0.6,0.0,1,False,
dirtybubblemedia.com,20,1.0,1.0,0.0,0.4,0,False,
doomberg.substack.com,20,1.0,1.0,0.0,0.25,0,False,
econbrowser.com,10,1.0,1.0,0.9,0.0,1,False,
economicweekly.substack.com,20,1.0,1.0,1.0,0.2,1,True,
essentia-analytics.com,10,1.0,1.0,1.0,0.0,1,False,
experimentalliving.substack.com,20,0.95,1.0,0.95,0.0,1,False,
exponentialview.co,20,0.85,1.0,0.85,0.0,3,False,
fabricatedknowledge.com,20,1.0,1.0,1.0,0.0,2,False,
fastcompany.com,19,1.0,1.0,0.737,0.053,12,False,
fasterplease.substack.com,20,1.0,1.0,1.0,0.0,1,False,
finfluential.substack.com,18,0.5,1.0,0.5,0.0,1,False,
flyoverstocks.substack.com,20,1.0,1.0,1.0,0.2,1,True,
fritz.substack.com,2,1.0,1.0,0.0,0.0,0,False,
futurism.com,81,1.0,1.0,1.0,0.0,4,False,
gelliottmorris.com,20,1.0,1.0,0.0,0.05,0,False,
grist.org,20,1.0,1.0,1.0,0.0,15,False,
harveysawikin.substack.com,20,1.0,1.0,0.0,0.2,0,False,
heavymoatinvestments.substack.com,20,0.9,1.0,0.0,0.25,0,False,
hellomortal.substack.com,20,1.0,1.0,1.0,0.05,2,False,
herbgreenberg.com,20,1.0,1.0,0.0,0.05,0,False,
hollywoodreporter.com,10,1.0,1.0,1.0,0.0,10,False,
honest-broker.com,20,1.0,1.0,1.0,0.0,2,False,
huddleup.substack.com,20,1.0,1.0,1.0,0.0,1,False,
humbledollar.com,15,1.0,1.0,0.867,0.067,11,False,
hybrideconomics.substack.com,10,1.0,1.0,0.0,0.0,0,False,
indianacapitalchronicle.com,100,1.0,1.0,1.0,0.0,26,False,
investing101.substack.com,20,1.0,1.0,1.0,0.05,1,False,
investmentnews.com,108,0.0,1.0,0.0,0.0,0,False,
jasmi.news,20,1.0,1.0,0.0,0.0,0,False,
jordangrumet.substack.com,20,1.0,1.0,0.0,0.0,0,False,
kindnessfp.com,10,1.0,1.0,1.0,0.1,1,False,
kitces.com,11,1.0,1.0,0.636,0.091,5,False,
klementoninvesting.substack.com,20,1.0,1.0,1.0,0.05,1,False,
kyla.substack.com,20,1.0,1.0,0.0,0.0,0,False,
kylascanlon.substack.com,1,1.0,1.0,0.0,0.0,0,False,
larryswedroe.substack.com,20,1.0,1.0,0.0,0.05,0,False,
libertyrpf.com,20,1.0,1.0,0.0,0.15,0,False,
macromornings.substack.com,20,1.0,1.0,1.0,0.0,1,False,
maxfieldonbanks.com,20,1.0,1.0,1.0,0.0,1,False,
microcapnewsletter.substack.com,20,1.0,1.0,1.0,0.5,1,True,
moneychangeseverything.substack.com,20,0.45,1.0,0.45,0.05,1,False,
moontower.substack.com,20,1.0,1.0,1.0,0.0,1,False,
morethanmoore.substack.com,20,1.0,1.0,1.0,0.15,2,True,
mrzepczynski.blogspot.com,25,1.0,1.0,1.0,0.0,1,False,
netinterest.co,20,1.0,1.0,1.0,0.0,1,False,
newsletter.doomberg.com,20,1.0,1.0,0.0,0.25,0,False,
newsletter.platypuseconomics.com,20,1.0,1.0,1.0,0.0,2,False,
newsletter.semianalysis.com,20,1.0,1.0,0.95,0.5,14,True,
nextbigideaclub.com,15,1.0,1.0,1.0,0.0,15,False,
noahpinion.substack.com,20,1.0,1.0,1.0,0.0,1,False,
nongaap.com,20,1.0,1.0,0.0,0.0,0,False,
notboring.co,20,1.0,1.0,1.0,0.1,1,False,
novelinvestor.com,6,1.0,1.0,1.0,0.333,1,True,
ofdollarsanddata.com,10,1.0,1.0,1.0,0.2,1,True,
oldroperesearch.substack.com,20,1.0,1.0,0.0,0.3,0,False,
oldster.substack.com,20,1.0,1.0,0.65,0.05,1,False,
overlookedalpha.com,20,1.0,1.0,0.0,0.0,0,False,
paulkrugman.substack.com,20,1.0,1.0,0.0,0.0,0,False,
peterlazaroff.com,10,1.0,1.0,0.0,0.1,0,False,
petition11.com,20,1.0,1.0,0.8,0.4,1,True,
philbak.substack.com,20,1.0,1.0,0.0,0.05,0,False,
pogueman.substack.com,20,1.0,1.0,1.0,0.0,1,False,
rcmalternatives.com,9,1.0,1.0,1.0,0.0,2,False,
read.technically.dev,20,0.95,1.0,0.7,0.15,9,True,
readideabrunch.com,20,1.0,1.0,1.0,0.05,1,False,
readthejointaccount.com,20,1.0,1.0,1.0,0.0,1,False,
readtrung.com,20,0.95,1.0,0.0,0.3,0,False,
retirementresearcher.com,10,1.0,1.0,0.1,0.0,1,False,
rhinoinsight.substack.com,20,1.0,1.0,0.0,0.2,0,False,
riabiz.com,20,1.0,1.0,1.0,0.0,3,False,
ritholtz.com,10,1.0,1.0,0.0,0.0,0,False,
seths.blog,10,1.0,1.0,1.0,0.0,1,False,
sfstandard.com,10,1.0,1.0,1.0,0.0,9,False,
sgcarney.substack.com,20,1.0,1.0,1.0,0.0,1,False,
sixcolors.com,75,1.0,1.0,0.667,0.0,4,False,
sportico.com,10,1.0,1.0,0.9,0.0,5,False,
spyglass.org,15,1.0,1.0,1.0,0.0,1,False,
stayathomemacro.substack.com,20,1.0,1.0,1.0,0.0,1,False,
stratechery.com,10,1.0,1.0,1.0,0.0,1,False,
tarotcapital.substack.com,20,1.0,1.0,0.0,0.7,0,False,
taxalphainsider.com,15,1.0,1.0,1.0,0.0,1,False,
the10thman.substack.com,20,1.0,1.0,0.0,0.75,0,False,
theargumentmag.com,20,1.0,1.0,0.95,0.0,10,False,
thebearcave.substack.com,20,1.0,1.0,0.95,0.9,2,True,
thebulwark.com,20,1.0,1.0,1.0,0.0,11,False,
thechipletter.substack.com,20,1.0,1.0,0.0,0.25,0,False,
thediff.co,5,1.0,1.0,1.0,0.0,1,False,
theretirementmanifesto.com,10,1.0,1.0,1.0,0.0,2,False,
thetranscript.substack.com,20,1.0,1.0,0.0,0.0,0,False,
thewolfofharcourtstreet.com,20,0.9,1.0,0.0,0.75,0,False,
thezvi.substack.com,20,1.0,1.0,1.0,0.15,1,True,
tim.signaturefd.com,20,1.0,1.0,0.0,0.0,0,False,
tker.co,20,1.0,1.0,1.0,0.0,1,False,
tmtbreakout.com,20,0.95,1.0,0.0,0.45,0,False,
tomtunguz.com,10,0.0,1.0,0.0,0.0,0,False,
tonyisola.com,10,1.0,1.0,1.0,0.0,1,False,
trevoraleo.substack.com,20,1.0,1.0,0.0,0.0,0,False,
variety.com,10,1.0,1.0,0.9,0.0,8,False,
yetanothervalueblog.com,20,1.0,1.0,0.9,0.45,1,True,
yetanothervalueblog.substack.com,20,1.0,1.0,0.9,0.45,1,True,
youngmoney.co,20,1.0,1.0,1.0,0.1,1,False,
yourbrainonmoney.substack.com,20,0.95,1.0,0.95,0.0,1,False,
