url,slug,date,ticker,reliable_date
https://thebearcave.substack.com/p/problems-at-celsius-holdings-celh,/p/problems-at-celsius-holdings-celh,2023-01-25,CELH,False
https://thebearcave.substack.com/p/problems-at-everquote-ever,/p/problems-at-everquote-ever,2023-01-25,EVER,False
https://thebearcave.substack.com/p/problems-at-enova-international-enva,/p/problems-at-enova-international-enva,2023-01-26,ENVA,False
https://thebearcave.substack.com/p/problems-at-k12-inc-lrn,/p/problems-at-k12-inc-lrn,2023-01-26,LRN,False
https://thebearcave.substack.com/p/more-problems-at-planet-fitness-plnt,/p/more-problems-at-planet-fitness-plnt,2023-02-02,PLNT,False
https://thebearcave.substack.com/p/problems-at-chefs-warehouse-chef,/p/problems-at-chefs-warehouse-chef,2023-02-07,CHEF,False
https://thebearcave.substack.com/p/problems-at-triterras-trit,/p/problems-at-triterras-trit,2023-02-07,,False
https://thebearcave.substack.com/p/problems-at-root-insurance-root,/p/problems-at-root-insurance-root,2023-02-07,ROOT,False
https://thebearcave.substack.com/p/problems-at-yalla-group-yala,/p/problems-at-yalla-group-yala,2023-02-08,YALA,False
https://thebearcave.substack.com/p/problems-at-canoo-goev,/p/problems-at-canoo-goev,2023-02-08,,False
https://thebearcave.substack.com/p/problems-at-greenbox-pos-gbox,/p/problems-at-greenbox-pos-gbox,2023-02-08,,False
https://thebearcave.substack.com/p/problems-at-nano-dimension-nndm,/p/problems-at-nano-dimension-nndm,2023-02-08,NNDM,False
https://thebearcave.substack.com/p/problems-at-medical-properties-trust,/p/problems-at-medical-properties-trust,2023-02-08,,False
https://thebearcave.substack.com/p/problems-at-vuzix-vuzi,/p/problems-at-vuzix-vuzi,2023-02-08,VUZI,False
https://thebearcave.substack.com/p/problems-at-ageagle-aerial-systems,/p/problems-at-ageagle-aerial-systems,2023-02-08,,False
https://thebearcave.substack.com/p/potential-at-ford-f,/p/potential-at-ford-f,2023-02-08,,False
https://thebearcave.substack.com/p/problems-at-curiositystream-curi,/p/problems-at-curiositystream-curi,2023-02-08,CURI,False
https://thebearcave.substack.com/p/more-problems-at-triterras-trit,/p/more-problems-at-triterras-trit,2023-02-08,,False
https://thebearcave.substack.com/p/problems-at-fulgent-genetics-flgt,/p/problems-at-fulgent-genetics-flgt,2023-02-08,FLGT,False
https://thebearcave.substack.com/p/potential-at-otonomo-saii,/p/potential-at-otonomo-saii,2023-02-08,,False
https://thebearcave.substack.com/p/problems-at-redwire-rdw,/p/problems-at-redwire-rdw,2023-02-09,RDW,False
https://thebearcave.substack.com/p/problems-at-playtika-pltk,/p/problems-at-playtika-pltk,2023-02-09,PLTK,False
https://thebearcave.substack.com/p/problems-at-seer-inc-seer,/p/problems-at-seer-inc-seer,2023-02-09,SEER,False
https://thebearcave.substack.com/p/more-problems-at-the-joint-corp-jynt,/p/more-problems-at-the-joint-corp-jynt,2023-02-09,JYNT,False
https://thebearcave.substack.com/p/problems-at-clear-secure-inc-nyse,/p/problems-at-clear-secure-inc-nyse,2023-02-09,,False
https://thebearcave.substack.com/p/problems-at-shotspotter-ssti,/p/problems-at-shotspotter-ssti,2023-02-09,SSTI,False
https://thebearcave.substack.com/p/problems-at-betterware-de-mexico,/p/problems-at-betterware-de-mexico,2023-02-09,,False
https://thebearcave.substack.com/p/problems-at-oppfi-opfi,/p/problems-at-oppfi-opfi,2023-02-09,OPFI,False
https://thebearcave.substack.com/p/problems-at-the-joint-corp-jynt,/p/problems-at-the-joint-corp-jynt,2023-02-09,JYNT,False
https://thebearcave.substack.com/p/problems-at-payoneer-payo,/p/problems-at-payoneer-payo,2023-02-09,PAYO,False
https://thebearcave.substack.com/p/problems-at-exp-world-holdings-inc,/p/problems-at-exp-world-holdings-inc,2023-02-10,,False
https://thebearcave.substack.com/p/problems-at-zeta-global-holdings,/p/problems-at-zeta-global-holdings,2023-02-10,,False
https://thebearcave.substack.com/p/problems-at-corporate-charities,/p/problems-at-corporate-charities,2023-02-10,,False
https://thebearcave.substack.com/p/problems-at-freedom-holding-corp,/p/problems-at-freedom-holding-corp,2023-02-10,,False
https://thebearcave.substack.com/p/more-problems-at-roblox-rblx,/p/more-problems-at-roblox-rblx,2023-02-10,RBLX,False
https://thebearcave.substack.com/p/problems-at-vail-resorts-mtn,/p/problems-at-vail-resorts-mtn,2023-02-10,MTN,False
https://thebearcave.substack.com/p/problems-at-roblox-rblx,/p/problems-at-roblox-rblx,2023-02-10,RBLX,False
https://thebearcave.substack.com/p/problems-at-zoominfo-technologies,/p/problems-at-zoominfo-technologies,2023-02-11,,False
https://thebearcave.substack.com/p/problems-at-rci-hospitality-holdings,/p/problems-at-rci-hospitality-holdings,2023-02-11,,False
https://thebearcave.substack.com/p/problems-at-perion-network-peri,/p/problems-at-perion-network-peri,2023-02-11,PERI,False
https://thebearcave.substack.com/p/problems-at-toronto-dominion-bank,/p/problems-at-toronto-dominion-bank,2023-02-12,,False
https://thebearcave.substack.com/p/problems-at-olaplex-holdings-olpx,/p/problems-at-olaplex-holdings-olpx,2023-02-12,,False
https://thebearcave.substack.com/p/problems-at-amalgamated-bank-amal,/p/problems-at-amalgamated-bank-amal,2023-02-12,AMAL,False
https://thebearcave.substack.com/p/problems-at-ammo-inc-poww,/p/problems-at-ammo-inc-poww,2023-02-13,POWW,False
https://thebearcave.substack.com/p/problems-at-coinbase-coin,/p/problems-at-coinbase-coin,2023-02-13,COIN,False
https://thebearcave.substack.com/p/more-problems-at-medical-properties,/p/more-problems-at-medical-properties,2023-02-13,,False
https://thebearcave.substack.com/p/problems-at-rumble-rum,/p/problems-at-rumble-rum,2023-02-13,RUM,False
https://thebearcave.substack.com/p/problems-at-intuit-intu,/p/problems-at-intuit-intu,2023-02-14,INTU,False
https://thebearcave.substack.com/p/problems-at-silvergate-capital-si,/p/problems-at-silvergate-capital-si,2023-02-14,SI,False
https://thebearcave.substack.com/p/more-problems-at-rumble-rum,/p/more-problems-at-rumble-rum,2023-02-15,RUM,False
https://thebearcave.substack.com/p/problems-at-six-flags-entertainment,/p/problems-at-six-flags-entertainment,2023-02-15,,False
https://thebearcave.substack.com/p/problems-at-planet-fitness-plnt,/p/problems-at-planet-fitness-plnt,2023-02-16,PLNT,False
https://thebearcave.substack.com/p/problems-at-the-beauty-health-co,/p/problems-at-the-beauty-health-co,2023-02-16,,False
https://thebearcave.substack.com/p/problems-at-symbotic-sym,/p/problems-at-symbotic-sym,2023-03-02,SYM,False
https://thebearcave.substack.com/p/more-problems-at-coinbase-coin,/p/more-problems-at-coinbase-coin,2023-03-13,COIN,False
https://thebearcave.substack.com/p/problems-at-airbnb-abnb,/p/problems-at-airbnb-abnb,2023-04-06,ABNB,False
https://thebearcave.substack.com/p/problems-at-hercules-capital-htgc,/p/problems-at-hercules-capital-htgc,2023-04-21,HTGC,False
https://thebearcave.substack.com/p/problems-at-triplepoint-venture-growth,/p/problems-at-triplepoint-venture-growth,2023-05-02,,False
https://thebearcave.substack.com/p/problems-at-allegro-microsystems,/p/problems-at-allegro-microsystems,2023-05-18,,False
https://thebearcave.substack.com/p/problems-at-palantir-technologies,/p/problems-at-palantir-technologies,2023-06-01,,True
https://thebearcave.substack.com/p/problems-at-tattooed-chef-ttcf,/p/problems-at-tattooed-chef-ttcf,2023-06-30,,True
https://thebearcave.substack.com/p/problems-at-applied-digital-apld,/p/problems-at-applied-digital-apld,2023-07-06,APLD,True
https://thebearcave.substack.com/p/problems-at-embark-technology-embk,/p/problems-at-embark-technology-embk,2023-07-09,,True
https://thebearcave.substack.com/p/problems-at-hershey-hsy,/p/problems-at-hershey-hsy,2023-07-20,HSY,True
https://thebearcave.substack.com/p/problems-at-xp-inc-xp,/p/problems-at-xp-inc-xp,2023-08-03,XP,True
https://thebearcave.substack.com/p/problems-at-oddity-tech-odd,/p/problems-at-oddity-tech-odd,2023-09-07,ODD,True
https://thebearcave.substack.com/p/problems-at-coca-cola-ko,/p/problems-at-coca-cola-ko,2023-09-21,KO,True
https://thebearcave.substack.com/p/even-more-problems-at-rumble-rum,/p/even-more-problems-at-rumble-rum,2023-10-05,RUM,True
https://thebearcave.substack.com/p/problems-at-lifestance-health-lfst,/p/problems-at-lifestance-health-lfst,2023-10-19,LFST,True
https://thebearcave.substack.com/p/even-more-problems-at-roblox-rblx,/p/even-more-problems-at-roblox-rblx,2023-10-25,RBLX,True
https://thebearcave.substack.com/p/problems-at-progress-software-prgs,/p/problems-at-progress-software-prgs,2023-11-02,PRGS,True
https://thebearcave.substack.com/p/problems-at-axos-financial-ax,/p/problems-at-axos-financial-ax,2023-11-16,AX,True
https://thebearcave.substack.com/p/problems-at-flywire-flyw,/p/problems-at-flywire-flyw,2023-12-07,FLYW,True
https://thebearcave.substack.com/p/problems-at-chegg-chgg,/p/problems-at-chegg-chgg,2024-01-04,CHGG,True
https://thebearcave.substack.com/p/problems-at-a-6-billion-recent-tech,/p/problems-at-a-6-billion-recent-tech,2024-01-18,TECH,True
https://thebearcave.substack.com/p/problems-at-a-billion-dollar-mess,/p/problems-at-a-billion-dollar-mess,2024-02-01,,True
https://thebearcave.substack.com/p/more-problems-at-b-riley-rily,/p/more-problems-at-b-riley-rily,2024-02-15,RILY,True
https://thebearcave.substack.com/p/problems-at-an-ark-invest-favorite,/p/problems-at-an-ark-invest-favorite,2024-03-07,,True
https://thebearcave.substack.com/p/more-problems-at-hershey-hsy,/p/more-problems-at-hershey-hsy,2024-03-30,HSY,True
https://thebearcave.substack.com/p/problems-at-marqeta-mq,/p/problems-at-marqeta-mq,2024-04-04,MQ,True
https://thebearcave.substack.com/p/problems-at-primerica-pri,/p/problems-at-primerica-pri,2024-04-18,PRI,True
https://thebearcave.substack.com/p/more-problems-at-exp-world-holdings,/p/more-problems-at-exp-world-holdings,2024-05-01,,True
https://thebearcave.substack.com/p/problems-at-amc-entertainment-amc,/p/problems-at-amc-entertainment-amc,2024-05-16,AMC,True
https://thebearcave.substack.com/p/more-problems-at-rci-hospitality,/p/more-problems-at-rci-hospitality,2024-05-30,,True
https://thebearcave.substack.com/p/problems-at-globe-life-gl,/p/problems-at-globe-life-gl,2024-06-06,GL,True
https://thebearcave.substack.com/p/problems-at-defi-technologies-deftf,/p/problems-at-defi-technologies-deftf,2024-06-20,,True
https://thebearcave.substack.com/p/even-more-problems-at-exp-world-holdings,/p/even-more-problems-at-exp-world-holdings,2024-07-02,,True
https://thebearcave.substack.com/p/problems-at-teleperformance-tep,/p/problems-at-teleperformance-tep,2024-07-18,,True
https://thebearcave.substack.com/p/problems-at-taskus-task,/p/problems-at-taskus-task,2024-08-01,TASK,True
https://thebearcave.substack.com/p/problems-at-five9-fivn,/p/problems-at-five9-fivn,2024-09-05,FIVN,True
https://thebearcave.substack.com/p/problems-at-verint-systems-vrnt,/p/problems-at-verint-systems-vrnt,2024-09-19,,True
https://thebearcave.substack.com/p/problems-at-roblox-rblx-4,/p/problems-at-roblox-rblx-4,2024-10-03,RBLX,True
https://thebearcave.substack.com/p/problems-at-hindenburg-research,/p/problems-at-hindenburg-research,2024-10-15,,True
https://thebearcave.substack.com/p/problems-at-the-wall-street-journal,/p/problems-at-the-wall-street-journal,2024-10-24,,True
https://thebearcave.substack.com/p/problems-at-roblox-rblx-5,/p/problems-at-roblox-rblx-5,2024-10-31,RBLX,True
https://thebearcave.substack.com/p/problems-at-viasat-vsat,/p/problems-at-viasat-vsat,2024-11-06,VSAT,True
https://thebearcave.substack.com/p/problems-at-transdigm-tdg,/p/problems-at-transdigm-tdg,2024-11-21,TDG,True
https://thebearcave.substack.com/p/problems-at-poet-technologies-poet,/p/problems-at-poet-technologies-poet,2024-12-05,POET,True
https://thebearcave.substack.com/p/problems-at-sezzle-sezl,/p/problems-at-sezzle-sezl,2025-01-02,SEZL,True
https://thebearcave.substack.com/p/problems-at-signet-jewelers-sig,/p/problems-at-signet-jewelers-sig,2025-01-16,SIG,True
https://thebearcave.substack.com/p/even-more-problems-at-b-riley-rily,/p/even-more-problems-at-b-riley-rily,2025-01-17,RILY,True
https://thebearcave.substack.com/p/problems-at-applovin-app,/p/problems-at-applovin-app,2025-02-20,APP,True
https://thebearcave.substack.com/p/problems-at-gorilla-technology-group,/p/problems-at-gorilla-technology-group,2025-03-06,,True
https://thebearcave.substack.com/p/problems-at-ibotta-ibta,/p/problems-at-ibotta-ibta,2025-03-20,IBTA,True
https://thebearcave.substack.com/p/problems-at-kindercare-learning-companies,/p/problems-at-kindercare-learning-companies,2025-04-06,,True
https://thebearcave.substack.com/p/more-problems-at-triplepoint-venture,/p/more-problems-at-triplepoint-venture,2025-04-17,,True
https://thebearcave.substack.com/p/problems-at-two-paper-products-companies,/p/problems-at-two-paper-products-companies,2025-05-15,,True
https://thebearcave.substack.com/p/more-problems-at-kindercare-klc,/p/more-problems-at-kindercare-klc,2025-06-05,KLC,True
https://thebearcave.substack.com/p/problems-at-100-long-term-underperformers,/p/problems-at-100-long-term-underperformers,2025-07-03,,True
https://thebearcave.substack.com/p/problems-at-130-long-term-underperformers,/p/problems-at-130-long-term-underperformers,2025-07-03,,True
https://thebearcave.substack.com/p/problems-at-pheton-holdings-pthl,/p/problems-at-pheton-holdings-pthl,2025-07-29,,True
https://thebearcave.substack.com/p/problems-at-fly-e-group-flye,/p/problems-at-fly-e-group-flye,2025-08-13,FLYE,True
https://thebearcave.substack.com/p/problems-at-raytech-holding-limited,/p/problems-at-raytech-holding-limited,2025-08-21,,True
https://thebearcave.substack.com/p/problems-at-gogo-gogo,/p/problems-at-gogo-gogo,2025-08-21,GOGO,True
https://thebearcave.substack.com/p/problems-at-qmmm-holdings-qmmm,/p/problems-at-qmmm-holdings-qmmm,2025-08-27,QMMM,True
https://thebearcave.substack.com/p/problems-at-draftkings-dkng,/p/problems-at-draftkings-dkng,2025-09-18,DKNG,True
https://thebearcave.substack.com/p/more-problems-at-draftkings-dkng,/p/more-problems-at-draftkings-dkng,2025-10-02,DKNG,True
https://thebearcave.substack.com/p/problems-at-better-collective-as,/p/problems-at-better-collective-as,2025-10-16,AS,True
https://thebearcave.substack.com/p/problems-at-sportradar-group-srad,/p/problems-at-sportradar-group-srad,2025-11-20,SRAD,True
https://thebearcave.substack.com/p/problems-at-pattern-group-ptrn,/p/problems-at-pattern-group-ptrn,2025-12-04,PTRN,True
https://thebearcave.substack.com/p/problems-at-serve-robotics-serv,/p/problems-at-serve-robotics-serv,2025-12-18,SERV,True
https://thebearcave.substack.com/p/problems-at-aduro-clean-technologies,/p/problems-at-aduro-clean-technologies,2026-01-15,,True
https://thebearcave.substack.com/p/even-more-problems-at-draftkings,/p/even-more-problems-at-draftkings,2026-02-05,,True
https://thebearcave.substack.com/p/problems-at-yelp-yelp,/p/problems-at-yelp-yelp,2026-02-19,YELP,True
https://thebearcave.substack.com/p/more-problems-at-serve-robotics-serv,/p/more-problems-at-serve-robotics-serv,2026-03-05,SERV,True
https://thebearcave.substack.com/p/even-more-problems-at-medical-properties,/p/even-more-problems-at-medical-properties,2026-03-19,,True
https://thebearcave.substack.com/p/more-problems-at-yelp-yelp,/p/more-problems-at-yelp-yelp,2026-04-02,YELP,True
https://thebearcave.substack.com/p/problems-at-kinsale-capital-group,/p/problems-at-kinsale-capital-group,2026-05-07,,True
https://thebearcave.substack.com/p/problems-at-ethos-technologies-life,/p/problems-at-ethos-technologies-life,2026-05-21,LIFE,True
https://thebearcave.substack.com/p/problems-at-stepstone-step,/p/problems-at-stepstone-step,2026-07-02,STEP,True
https://thebearcave.substack.com/p/problems-at-draftkings-dkng-4,/p/problems-at-draftkings-dkng-4,2026-07-16,DKNG,True
https://thebearcave.substack.com/p/problems-at-tenable-tenb,/p/problems-at-tenable-tenb,2026-08-07,TENB,True
